iata_code,name,city_name,country_code
AAK,Aranuka Airport,Buariki,KI
AAP,Aji Pangeran Tumenggung Pranoto International Airport,Samarinda,ID
AAT,Altay Xuedu Airport,Altay,CN
AAU,Asau Airport,Asau,WS
AAV,Allah Valley Airport,Surallah,PH
ABF,Abaiang Airport,Abaiang,KI
ABM,Northern Peninsula Airport,Bamaga,AU
ABP,Atkamba Airport,Atkamba Mission,PG
ABU,AA Bere Tallo (Haliwen) Airport,Atambua,ID
ABX,Albury Airport,East Albury,AU
ABZ,Aberdeen International Airport,Aberdeen,GB
ACF,Aral Tarim Airport,Aral,CN
ACX,Xingyi Wanfenglin Airport,Xingyi,CN
ADC,Andakombe Airport,Andekombe,PG
ADL,Adelaide International Airport,Adelaide,AU
ADX,Leuchars Station Airfield,"Leuchars, Fife",GB
AEA,Abemama Airport,Abemama,KI
AEB,Baise (Bose) Bama Airport,Baise (Tianyang),CN
AEG,Aek Godang Airport,Padang Sidempuan,ID
AEK,Aseki Airport,Aseki,PG
AFR,Afore Airstrip,Afore,PG
AFT,Afutara Aerodrome,Bila,SB
AGB,Augsburg Airport,Augsburg,DE
AGE,Wangerooge Airport,Wangerooge,DE
AGG,Angoram Airport,Angoram,PG
AGJ,Aguni Airport,Aguni,JP
AGK,Kagua Airport,Kagua,PG
AGL,Wanigela Airport,Wanigela,PG
AGR,Agra Airport / Agra Air Force Station,Agra,IN
AGX,Agatti Airport,Agatti,IN
AHA,Maa Mahamaya Airport,Ambikapur,IN
AHJ,Hongyuan Airport,Ngawa (Hongyuan),CN
AIC,Ailinglaplap Airok Airport,Bigatyelang Island,MH
AIE,Aiome Airport,Aiome,PG
AIH,Aiambak Airport,Aiambak,PG
AIM,Ailuk Airport,Ailuk Island,MH
AIP,Adampur Airport,Adampur,IN
AIS,Arorae Island Airport,Arorae Island,KI
AJL,Lengpui Airport,Aizawl (Lengpui),IN
AKA,Ankang Fuqiang Airport,Ankang (Hanbin),CN
AKD,Akola Airport,Akola,IN
AKG,Anguganak Airport,Anguganak,PG
AKJ,Asahikawa Airport,Higashikagura,JP
AKL,Auckland International Airport,Auckland,NZ
AKS,Gwaunaru'u Airport,Auki,SB
AKU,Aksu Hongqipo Airport,Aksu (Onsu),CN
AKY,Sittwe Airport,Sittwe,MM
ALH,Albany Airport,Albany,AU
ALR,Alexandra Aerodrome,Alexandra,NZ
AMD,Sardar Vallabh Patel International Airport,Ahmedabad,IN
AMQ,Pattimura International Airport,Ambon,ID
AMS,Amsterdam Airport Schiphol,Amsterdam,NL
AMU,Amanab Airport,Amanab,PG
AMZ,Ardmore Airport,Manurewa,NZ
AOC,Leipzig–Altenburg Airport,Nobitz,DE
AOG,Anshan Teng'ao Airport / Anshan Air Base,Anshan,CN
AOJ,Aomori Airport,Aomori,JP
AOR,Sultan Abdul Halim Airport,Alor Satar,MY
APJ,Ali Pulan Airport,Burang Town,CN
APR,April River Airport,April River,PG
APW,Faleolo International Airport,Apia,WS
AQG,Anqing Tianzhushan Airport / Anqing North Air Base,Anqing,CN
ARD,Alor Island - Mali Airport,Kabola,ID
ARM,Armidale Airport,Armidale,AU
ARY,Ararat Airport,Ararat,AU
ASJ,Amami Airport,Amami,JP
ASP,Alice Springs Airport,Alice Springs,AU
ATD,Uru Harbour Airport,Atoifi,SB
ATN,Namatanai Airport,Namatanai,PG
ATP,Aitape Airport,Aitape,PG
ATQ,Sri Guru Ram Das Ji International Airport,Amritsar,IN
AUI,Aua Island Airport,Aua Island,PG
AUJ,Ambunti Airport,Ambunti,PG
AUL,Aur Island Airport,Aur Atoll,MH
AUP,Agaun Airport,Agaun,PG
AUU,Aurukun Airport,Aurukun,AU
AUV,Aumo Airport,Aumo,PG
AUY,Aneityum Airport,Anatom Island,VU
AVA,Anshun Huangguoshu Airport,Anshun (Xixiu),CN
AVU,Avu Avu Airport,Avu Avu,SB
AVV,Melbourne Avalon International Airport,Geelong/Melbourne,AU
AWB,Awaba Airport,Awaba,PG
AWD,Aniwa Airport,Aniwa,VU
AWR,Awar Airport (unusable),Awar,PG
AXF,Alxa Left Banner Bayanhot Airport,Bayanhot,CN
AXJ,Amakusa Airport,Amakusa,JP
AXT,Akita Airport,Akita,JP
AYJ,Maharshi Valmiki International Airport,Faizabad,IN
AYQ,Ayers Rock Connellan Airport,Yulara,AU
AYU,Aiyura Airport,Aiyura Valley,PG
BAA,Bialla Airport,"Bialla, Matalilu, Ewase",PG
BAG,Loakan Airport,Baguio,PH
BAJ,Bali Airport,Unea Island,PG
BAR,Qionghai Bo'ao Airport,Qionghai (Basuo),CN
BAS,Ballalae Airport,Ballalae,SB
BAV,Baotou Donghe International Airport,Baotou,CN
BBG,Butaritari Airport,Butaritari,KI
BBI,Biju Patnaik International Airport,Bhubaneswar,IN
BBM,Battambang Airport,Battambang,KH
BBN,Bario Airport,Bario,MY
BBS,Blackbushe Airport,"Camberley, Surrey",GB
BCD,Bacolod-Silay International Airport,Bacolod City,PH
BCH,Baucau Airport,Baucau,TL
BCI,Barcaldine Airport,Barcaldine,AU
BCP,Bambu Airport,Bambu,PG
BDB,Bundaberg Airport,Bundaberg,AU
BDD,Badu Island Airport,Badu Island,AU
BDJ,Syamsudin Noor International Airport,Banjarbaru,ID
BDO,Husein Sastranegara International Airport,Bandung,ID
BDQ,Vadodara International Airport,Vadodara,IN
BEB,Benbecula Airport,Balivanich,GB
BEJ,Kalimarau Airport,Tanjung Redeb - Borneo Island,ID
BEK,Bareilly Air Force Station,Bareilly,IN
BEP,Bellary Airport,Bellary,IN
BEQ,RAF Honington,"Bury Saint Edmunds, Suffolk",GB
BER,Berlin Brandenburg Airport,Berlin,DE
BEU,Bedourie Airport,Bedourie,AU
BEX,RAF Benson,"Wallingford, Oxfordshire",GB
BEZ,Beru Airport,Beru,KI
BFE,Bielefeld Airport,Bielefeld,DE
BFJ,Bijie Feixiong Airport,Bijie,CN
BFS,Belfast International Airport,Belfast,GB
BFU,Bengbu Renheji Airport,Bengbu,CN
BFV,Buri Ram Airport,Buriram,TH
BFY,Bengbu Tenghu Airport,Bengbu,CN
BHD,George Best Belfast City Airport,Belfast,GB
BHE,Woodbourne Airport,Blenheim,NZ
BHJ,Bhuj Airport,Bhuj,IN
BHO,Raja Bhoj International Airport,Bhopal,IN
BHQ,Broken Hill Airport,Broken Hill,AU
BHS,Bathurst Airport,Bathurst,AU
BHU,Bhavnagar Airport,Bhavnagar,IN
BHX,Birmingham Airport,"Birmingham, West Midlands",GB
BHY,Beihai Fucheng Airport,Beihai,CN
BII,Bikini Atoll Airport,Bikini Atoll,MH
BIK,Frans Kaisiepo Airport,Biak,ID
BKB,Nal Airport,Bikaner,IN
BKI,Kota Kinabalu International Airport,Kota Kinabalu,MY
BKK,Suvarnabhumi Airport,Bangkok,TH
BKM,Bakalalan Airport,Bakalalan,MY
BKQ,Blackall Airport,Blackall,AU
BKS,Fatmawati Soekarno Airport,Bengkulu,ID
BLK,Blackpool Airport,Blackpool,GB
BLN,Benalla Airport,Benalla,AU
BLR,Kempegowda International Airport Bengaluru,Bengaluru,IN
BME,Broome International Airport,Broome,AU
BMH,Bomai Airport,Bomai,PG
BMK,Borkum Airport,Borkum,DE
BMO,Banmaw Airport,Banmaw,MM
BMR,Baltrum Airport,Baltrum,DE
BMU,Sultan Muhammad Salahuddin Airport,Bima,ID
BMV,Buon Ma Thuot Airport,Buon Ma Thuot,VN
BMZ,Bamu Airport,Bamu,PG
BNE,Brisbane International Airport,Brisbane,AU
BNK,Ballina Byron Gateway Airport,Ballina,AU
BNM,Bodinumu Airport,Bodinumu,PG
BNT,Bundi Airport,Bundi,PG
BNV,Boana Airport,Boana,PG
BNY,Bellona/Anua Airport,Anua,SB
BOH,Bournemouth Airport,Bournemouth,GB
BOM,Chhatrapati Shivaji Maharaj International Airport,Mumbai,IN
BOR,Bokeo International Airport,Ton Phueng,LA
BOT,Bosset Airport,Bosset,PG
BOV,Boang Airport,Boang Island,PG
BPD,Bapi Airstrip,Bapi,PG
BPE,Qinhuangdao Beidaihe Airport,Qinhuangdao (Changli),CN
BPF,Batuna Aerodrome,Batuna Mission Station,SB
BPH,Bislig Airport,Bislig,PH
BPK,Biangabip Airport,Biangabip,PG
BPL,Bole Alashankou Airport,Bole,CN
BPM,Begumpet Airport,Hyderabad,IN
BPN,Sultan Aji Muhammad Sulaiman Sepinggan International Airport,Balikpapan,ID
BPX,Qamdo Bangda Airport,Bangda,CN
BQA,Dr. Juan C. Angara Airport,Baler,PH
BQB,Busselton Margaret River Regional Airport,Busselton,AU
BQH,London Biggin Hill Airport,London,GB
BRE,Bremen Airport,Bremen,DE
BRH,Brahman Airstrip,Brahman Mission,PG
BRP,Biaru Airport,Biaru,PG
BRR,Barra Airport,Eoligarry,GB
BRS,Bristol Airport,Bristol,GB
BRT,Bathurst Island Airport,Wurrumiyanga,AU
BSD,Baoshan Yunrui Airport,Baoshan (Longyang),CN
BSJ,Bairnsdale Airport,Bairnsdale,AU
BSO,Basco Airport,Basco,PH
BSP,Bensbach Airport,Bensbach,PG
BSX,Pathein Airport,Pathein,MM
BTH,Hang Nadim International Airport,Batam,ID
BTJ,Sultan Iskandar Muda International Airport,Banda Aceh,ID
BTU,Bintulu Airport,Bintulu,MY
BTW,Bersujud Airport,Batu Licin,ID
BTZ,Betong International Airport,Betong,TH
BUA,Buka Airport,Buka Island,PG
BUI,Bokondini Airport,Bokondini,ID
BUL,Bulolo Airport,Bulolo,PG
BUU,Muara Bungo Airport,Muara Bungo,ID
BWE,Braunschweig-Wolfsburg Airport,Braunschweig,DE
BWF,Barrow Walney Island Airport,Barrow-in-Furness,GB
BWH,RMAF Butterworth Air Base,Butterworth,MY
BWN,Brunei International Airport,Bandar Seri Begawan,BN
BWP,Bewani Airport,Bewani,PG
BWT,Wynyard Airport,Burnie,AU
BWU,Sydney Bankstown Airport,Sydney,AU
BWX,Banyuwangi Airport,"Rogojampi, Banyuwangi",ID
BXB,Babo Airport,Babo,ID
BXL,Blue Lagoon Seaplane Base,Nanuya Lailai Island,FJ
BXT,LNG Badak Airport,Bontang-Borneo Island,ID
BXU,Bancasi Airport,Butuan,PH
BXZ,Bunsil Airport,Bunsil - Umboi Island,PG
BYU,Bayreuth Airport,Bindlach,DE
BZX,Bazhong Enyang Airport,Bazhong,CN
BZZ,RAF Brize Norton,"Carterton, Oxfordshire",GB
CAH,Cà Mau Airport,Ca Mau City,VN
CAL,Campbeltown Airport,Campbeltown,GB
CAN,Guangzhou Baiyun International Airport,Guangzhou (Huadu),CN
CAX,Carlisle Lake District Airport,"Carlisle, Cumbria",GB
CBD,Car Nicobar Air Force Base,IAF Camp,IN
CBG,Cambridge City Airport,"Cambridge, Cambridgeshire",GB
CBO,Cotabato (Awang) Airport,Datu Odin Sinsuat,PH
CBR,Canberra Airport,Canberra,AU
CCJ,Calicut International Airport,Calicut,IN
CCL,Chinchilla Airport,Chinchilla,AU
CCU,Netaji Subhash Chandra Bose International Airport,Kolkata,IN
CCV,Craig Cove Airport,Craig Cove,VU
CDE,Chengde Puning Airport,Chengde,CN
CDP,Kadapa Airport,Kadapa,IN
CDU,Camden Airport,Cobbitty,AU
CEB,Mactan Cebu International Airport,Cebu City/Lapu-Lapu City,PH
CEG,Hawarden Airport,Broughton,GB
CEI,Mae Fah Luang - Chiang Rai International Airport,Chiang Rai,TH
CFS,Coffs Harbour Airport,Coffs Harbour,AU
CGC,Cape Gloucester Airport,Cape Gloucester,PG
CGD,Changde Taohuayuan Airport,Changde (Dingcheng),CN
CGK,Soekarno-Hatta International Airport,Jakarta,ID
CGM,Camiguin Airport,Mambajao,PH
CGN,Cologne Bonn Airport,Köln (Cologne),DE
CGO,Zhengzhou Xinzheng International Airport,Zhengzhou,CN
CGQ,Changchun Longjia International Airport,Changchun,CN
CGY,Laguindingan International Airport,Laguindingan,PH
CHC,Christchurch International Airport,Christchurch,NZ
CHG,Chaoyang Airport,"Shuangta, Chaoyang",CN
CHT,Inia William Tuuta Memorial Airport,Te One,NZ
CHY,Choiseul Bay Airport,Choiseul Bay,SB
CIF,Chifeng Yulong Airport,Chifeng,CN
CIH,Changzhi Wangcun Airport,Changzhi,CN
CIS,Canton Island Airport,Abariringa,KI
CJB,Coimbatore International Airport,Coimbatore,IN
CJJ,Cheongju International Airport/Cheongju Air Base (K-59/G-513),Cheongju,KR
CJM,Chumphon Airport,Chumphon,TH
CJN,Nusawiru Airport,Cijulang,ID
CJU,Jeju International Airport,Jeju City,KR
CKG,Chongqing Jiangbei International Airport,Chongqing,CN
CKW,Christmas Creek Airport,Christmas Creek Mine,AU
CMU,Chimbu Airport,Kundiawa,PG
CNI,Changhai Dachangshandao Airport,Dalian (Changhai),CN
CNJ,Cloncurry Airport,Cloncurry,AU
CNN,Kannur International Airport,Kannur,IN
CNS,Cairns International Airport,Cairns,AU
CNX,Chiang Mai International Airport,Chiang Mai,TH
COK,Cochin International Airport,Kochi,IN
COL,Coll Airport,Coll Island,GB
CPD,Coober Pedy Airport,Coober Pedy,AU
CPN,Cape Rodney Airport,Cape Rodney,PG
CQW,Chongqing Xiannüshan Airport,Wulong,CN
CRK,Clark International Airport / Clark Air Base,Mabalacat,PH
CRM,Catarman National Airport,Catarman,PH
CSA,Colonsay Airstrip,Colonsay,GB
CST,Castaway Island Seaplane Base,Castaway Island,FJ
CSX,Changsha Huanghua International Airport,Changsha (Changsha),CN
CTL,Charleville Airport,Charleville,AU
CTS,New Chitose Airport,Sapporo,JP
CTU,Chengdu Shuangliu International Airport,Chengdu (Shuangliu),CN
CUQ,Coen Airport,Coen,AU
CVB,Chungribu Airport,Chungribu,PG
CVQ,Carnarvon Airport,Carnarvon,AU
CVT,Coventry Airport,"Coventry, West Midlands",GB
CWJ,Cangyuan Washan Airport,Lincang (Cangyuan),CN
CWL,Cardiff International Airport,Cardiff,GB
CXI,Cassidy International Airport,Kiritimati,KI
CXP,Tunggul Wulung Airport,Cilacap,ID
CXR,Cam Ranh International Airport / Cam Ranh Air Base,Nha Trang/nha Trang aiurportCam Ranh,VN
CYP,Calbayog Airport,Calbayog City,PH
CYU,Cuyo Airport,Cuyo,PH
CYZ,Cauayan Airport,Cauayan City,PH
CZX,Changzhou Benniu International Airport,Changzhou,CN
DAD,Da Nang International Airport,Da Nang,VN
DAT,Datong Yungang International Airport,Datong,CN
DAU,Daru Airport,Daru,PG
DAX,Dachuan Airport,Dazhou (Daxian),CN
DBC,Baicheng Chang'an Airport,Baicheng,CN
DBO,Dubbo City Regional Airport,Dubbo,AU
DBP,Debepare Airport,Debepare,PG
DBR,Darbhanga Airport,Darbhanga,IN
DCN,RAAF Base Curtin,Derby,AU
DCY,Daocheng Yading Airport,Garzê (Daocheng),CN
DDG,Dandong Langtou International Airport,Dandong (Zhenxing),CN
DDR,Rikaze Dingri Airport,Xigazê (Dingri),CN
DED,Dehradun Jolly Grant Airport,Dehradun (Jauligrant),IN
DEJ,Tongren Dejiang Airport (Under Construction),Tongren,CN
DEL,Indira Gandhi International Airport,New Delhi,IN
DER,Derim Airport,Derim,PG
DEX,Nop Goliat Dekai Airport,Dekai,ID
DGE,Mudgee Airport,Mudgee,AU
DGH,Deoghar Airport,Deoghar,IN
DGT,Sibulan Airport,Dumaguete City,PH
DHM,Kangra Airport,Kangra,IN
DHR,De Kooy Airfield / Den Helder Naval Air Station,Den Helder,NL
DHX,Dhoho International Airport,Kediri,ID
DIB,Dibrugarh Airport,Dibrugarh,IN
DIG,Diqing Shangri-La Airport,Diqing (Shangri-La),CN
DIL,Presidente Nicolau Lobato International Airport,Dili,TL
DIN,Dien Bien Phu Airport,Dien Bien Phu,VN
DIU,Diu Airport,Diu,IN
DJB,Sultan Thaha Airport,Jambi,ID
DJJ,Dortheys Hiyo Eluay International Airport,Sentani,ID
DLC,Dalian Zhoushuizi International Airport,Dalian (Ganjingzi),CN
DLI,Lien Khuong Airport,Da Lat,VN
DLU,Dali Fengyi Airport,Dali (Xiaguan),CN
DLY,Dillon's Bay Airport,Dillon's Bay,VU
DMK,Don Mueang International Airport,Bangkok,TH
DMU,Dimapur Airport,Dimapur,IN
DNA,Kadena Air Base,Okinawa,JP
DND,Dundee Airport,Dundee,GB
DNH,Dunhuang Mogao International Airport,Dunhuang,CN
DNQ,Deniliquin Airport,Deniliquin,AU
DNU,Dinangat Airport,Dinangat,PG
DOI,Doini Airport,Castori Islets,PG
DOO,Dorobisoro Airport,Dorobisoro,PG
DOY,Dongying Shengli Airport,Dongying (Kenli),CN
DPL,Dipolog Airport,Dipolog,PH
DPO,Devonport Airport,Devonport,AU
DPS,Denpasar I Gusti Ngurah Rai International Airport,"Kuta, Badung",ID
DQA,Daqing Sartu Airport,Daqing,CN
DRB,Derby Airport,Derby,AU
DRP,Bicol International Airport,Legazpi,PH
DRS,Dresden Airport,Dresden,DE
DRW,Darwin International Airport / RAAF Darwin,Darwin,AU
DSN,Ordos Ejin Horo International Airport,Ordos,CN
DSY,Dara Sakor International Airport,Ta Noun,KH
DTB,Silangit Airport,Siborong-Borong,ID
DTD,Datadawai Airport,Datadawai-Borneo Island,ID
DTE,Daet Airport,Daet,PH
DTM,Dortmund Airport,Dortmund,DE
DTU,Wudalianchi Dedu Airport,Heihe,CN
DUD,Dunedin International Airport,Dunedin,NZ
DUM,Pinang Kampai Airport,Dumai,ID
DUS,Düsseldorf Airport,Düsseldorf,DE
DVO,Francisco Bangoy International Airport,Davao,PH
DXJ,Xiangxi Biancheng Airport,Xiangxi,CN
DXN,Noida International Airport,Gautam Buddha Nagar,IN
DYG,Zhangjiajie Hehua International Airport,Zhangjiajie (Yongding),CN
DZH,Dazhou Jinya Airport,Dazhou (Dachuan),CN
EAE,Siwo Airport,Emae Island,VU
EAL,Elenak Airport,Mejato Island,MH
EBN,Ebadon Airport,Ebadon Island,MH
EBO,Ebon Airport,Ebon Atoll,MH
EDI,Edinburgh Airport,Edinburgh,GB
EDR,Pormpuraaw Airport,Pormpuraaw,AU
EFG,Efogi Airport,Efogi,PG
EGA,Engati Airstrip,Engati,PG
EGM,Sege Airport,Sege,SB
EHU,Ezhou Huahu International Airport,Ezhou,CN
EIB,Eisenach-Kindel Airport,Hörselberg-Hainich,DE
EIN,Eindhoven Airport,Eindhoven,NL
EJT,Enejit Airport,Enejit Island,MH
ELC,Elcho Island Airport,Elcho Island,AU
EMA,East Midlands Airport,"Nottingham, Leicestershire",GB
EMD,Emerald Airport,Emerald,AU
EME,Emden Airport,Emden,DE
EMI,Emirau Airport,Emirau Island,PG
EMO,Emo River Airstrip,Emo Mission,PG
EMS,Embessa Airport,Embessa,PG
ENE,H. Hasan Aroeboesman (Ende) Airport,Ende,ID
ENH,Enshi Xujiaping Airport,Enshi (Enshi),CN
ENI,El Nido Airport,El Nido,PH
ENK,Enniskillen/St Angelo Airport,"Enniskillen, Fermanagh and Omagh",GB
ENS,Twente Airport,Enschede,NL
ENT,Eniwetok Airport,Eniwetok Atoll,MH
ENY,Yan'an Nanniwan Airport,Yan'an (Baota),CN
EOI,Eday Airport,Eday,GB
EPR,Esperance Airport,Esperance,AU
EPT,Eliptamin Airport,Eliptamin,PG
ERE,Erave Airport,Erave,PG
ERF,Erfurt-Weimar Airport,Erfurt,DE
ERL,Erenhot Saiwusu International Airport,Erenhot,CN
ERU,Erume Airport,Erume,PG
ESA,Esa'ala Airport,Esa'ala,PG
ESH,Brighton City Airport,"Brighton, East Sussex",GB
EUA,Kaufana Airport,Eua Island,TO
EUQ,Evelio Javier Airport,San Jose,PH
EXT,Exeter International Airport,"Exeter, Devon",GB
FAB,Farnborough Airport,"Farnborough, Hampshire",GB
FAQ,Frieda River Airport,Frieda River,PG
FCN,Sea-Airport Cuxhaven/Nordholz / Nordholz Naval Airbase,Wurster Nordseeküste,DE
FDH,Bodensee Airport Friedrichshafen,Friedrichshafen,DE
FFD,RAF Fairford,"Fairford, Gloucestershire",GB
FGI,Fagali'i Airport,Apia,WS
FIE,Fair Isle Airport,Fair Isle,GB
FIN,Finschhafen Airport,Buki,PG
FKB,Karlsruhe Baden-Baden Airport,Rheinmünster,DE
FKJ,Fukui Airport,Fukui,JP
FKQ,Fakfak Airport,Fakfak,ID
FKS,Fukushima Airport,Sukagawa,JP
FLS,Flinders Island Airport,Whitemark,AU
FLZ,Dr. Ferdinand Lumban Tobing Airport,Sibolga (Pinangsori),ID
FMM,Memmingen Allgau Airport,Memmingen,DE
FMO,Münster Osnabrück Airport,Greven,DE
FNB,Neubrandenburg Trollenhagen Airport,Trollenhagen,DE
FNE,Fane Airport,Fane Mission,PG
FOA,Foula Airfield,Foula,GB
FOC,Fuzhou Changle International Airport,Fuzhou (Changle),CN
FRA,Frankfurt Main Airport,Frankfurt am Main,DE
FRB,Forbes Airport,Forbes,AU
FRE,Fera/Maringe Airport,Fera Island,SB
FRQ,Feramin Airport,Feramin,PG
FRZ,Fritzlar Army Airfield,Fritzlar,DE
FSH,Syekh Hamzah Fansyuri Airport,Singkil,ID
FSZ,Mount Fuji Shizuoka Airport,Makinohara / Shimada,JP
FTA,Futuna Airport,Futuna Island,VU
FUB,Fulleborn Airport,Fulleborn,PG
FUG,Fuyang Xiguan Airport,"Yingzhou, Fuyang",CN
FUJ,Fukue Airport,Goto,JP
FUK,Fukuoka Airport,Fukuoka,JP
FUM,Fuma Airport,Fuma,PG
FUN,Funafuti International Airport,Funafuti,TV
FUO,Foshan Shadi Airport,Foshan (Nanhai),CN
FYJ,Fuyuan Dongji Airport,Fuyuan,CN
FYN,Fuyun Koktokay Airport,Fuyun,CN
GAJ,Yamagata Airport,Higashine,JP
GAP,Gusap Airport,Gusap,PG
GAR,Garaina Airport,Garaina,PG
GAU,Lokpriya Gopinath Bordoloi International Airport,Guwahati,IN
GAY,Gaya Airport,Gaya,IN
GAZ,Guasopa Airport,Woodlark (Muyua) Island,PG
GBC,Gasuke Airport,Gasuke,PG
GBF,Negarbo(Negabo) Airport,Negarbo,PG
GBI,Kalaburagi Airport,Kalaburagi,IN
GBZ,Great Barrier Aerodrome,Claris,NZ
GDB,Gondia Airport,Gondia,IN
GEF,Geva Airport,Liangia,SB
GES,General Santos International Airport,General Santos,PH
GET,Geraldton Airport,Moonyoonooka,AU
GEW,Gewoia Airport,Gewoia,PG
GFF,Griffith Airport,Griffith,AU
GFN,Clarence Valley Regional Airport,Grafton,AU
GHN,Guanghan Airport,Deyang (Guanghan),CN
GIC,Boigu Island Airport,Boigu Island,AU
GIS,Gisborne Airport,Gisborne,NZ
GKA,Goroka Airport,Goronka,PG
GKE,Geilenkirchen Air Base,Geilenkirchen,DE
GLA,Glasgow Airport,Glasgow,GB
GLI,Glen Innes Airport,Glen Innes,AU
GLO,Gloucestershire Airport,"Staverton, Gloucestershire",GB
GLP,Gulgubip Airport,Gulgubip,PG
GLT,Gladstone Airport,Gladstone,AU
GLZ,Gilze Rijen Air Base,Rijen,NL
GMI,Gasmata Island Airport,Gasmata Island,PG
GMP,Gimpo International Airport,Seoul,KR
GMQ,Golog Maqên Airport,Golog (Maqên),CN
GNS,Binaka Airport,Gunungsitoli,ID
GOC,Gora Airstrip,Gora,PG
GOE,Gonaili Airport,Gonaili,PG
GOI,Goa Dabolim International Airport,Vasco da Gama,IN
GOP,Gorakhpur Airport,Gorakhpur,IN
GOQ,Golmud Airport,Golmud,CN
GOV,Gove Airport,Nhulunbuy,AU
GOX,Manohar International Airport,Mopa,IN
GPN,Garden Point Airport,Pirlangimpi,AU
GRL,Garasa Airport,Au,PG
GRQ,Groningen Airport Eelde,Groningen,NL
GTA,Gatokae Aerodrome,Gatokae,SB
GTE,Groote Eylandt Airport,Groote Eylandt,AU
GTN,Glentanner Airport,Glentanner Station,NZ
GTO,Jalaluddin Airport,Gorontalo-Celebes Island,ID
GUE,Guriaso (Keraso) Airport,Guriaso,PG
GUG,Guari Airport,Guari,PG
GUR,Gurney Airport,Gurney,PG
GUV,Mougulu Airport,Mougulu,PG
GVI,Green River Airport,Green River,PG
GWL,Gwalior Airport,Gwalior,IN
GWT,Westerland Sylt Airport,Sylt,DE
GXH,Gannan Xiahe Airport,Gannan (Xiahe),CN
GYS,Guangyuan Panlong Airport,Guangyuan (Lizhou),CN
GYU,Guyuan Liupanshan Airport,Guyuan (Yuanzhou),CN
GYZ,Gruyere Airport,Cosmo Newbery,AU
GZG,Garze Gesar Airport,Garzê (Garzê),CN
GZO,Nusatupe Airport,Gizo,SB
HAC,Hachijojima Airport,Hachijojima,JP
HAJ,Hannover Airport,Hannover,DE
HAK,Haikou Meilan International Airport,Haikou (Meilan),CN
HAM,Hamburg Helmut Schmidt Airport,Hamburg,DE
HAN,Noi Bai International Airport,Hanoi (Soc Son),VN
HAW,Haverfordwest Airport,Haverfordwest,GB
HAZ,Hatzfeldhaven Airport,Hatzfeldhaven,PG
HBA,Hobart International Airport,Hobart (Cambridge),AU
HBD,Habi Airport,Habi,PG
HBQ,Haibei Qilian Airport,Haibei (Qilian),CN
HBX,Hubballi Airport,Hubballi,IN
HCJ,Hechi Jinchengjiang Airport,Hechi (Jinchengjiang),CN
HCZ,Chenzhou Beihu Airport,Chenzhou,CN
HDF,Heringsdorf Airport,Zirchow,DE
HDG,Handan Airport,Handan,CN
HDO,Hindon Airport / Hindon Air Force Station,Ghaziabad,IN
HDY,Hat Yai International Airport,Hat Yai,TH
HEH,Heho Airport,Heho,MM
HEI,Heide-Büsum Airport,Oesterdeichstrich,DE
HEK,Heihe Aihui Airport,Heihe,CN
HEO,Haelogo Airport,Haelogo,PG
HET,Hohhot Baita International Airport,Hohhot,CN
HFE,Hefei Xinqiao International Airport,Hefei,CN
HGD,Hughenden Airport,Hughenden,AU
HGH,Hangzhou Xiaoshan International Airport,Hangzhou,CN
HGI,Itanagar Donyi Polo Hollongi Airport,Hollongi,IN
HGL,Helgoland-Düne Airport,Helgoland,DE
HGN,Mae Hong Son Airport,Mae Hong Son,TH
HGU,Mount Hagen Kagamuga Airport,Mount Hagen,PG
HHE,JMSDF Hachinohe Air Base / Hachinohe Airport,Hachinohe,JP
HHN,Frankfurt-Hahn Airport,Frankfurt am Main (Lautzenhausen),DE
HHQ,Hua Hin Airport,Hua Hin,TH
HIA,Huai'an Lianshui Airport,Huai'an,CN
HID,Horn Island Airport,Horn,AU
HIJ,Hiroshima Airport,Hiroshima,JP
HIN,Sacheon Airport / Sacheon Air Base,Sacheon,KR
HIR,Honiara International Airport,Honiara,SB
HIS,Hayman Island Resort Seaplane Base,Hayman Island,AU
HIT,Haivaro Airport,Haivaro,PG
HJB,Hejing Bayinbuluke Airport,Hejing,CN
HJJ,Huaihua Zhijiang Airport,Huaihua,CN
HJR,Khajuraho Airport,Khajuraho,IN
HKD,Hakodate Airport,Hakodate,JP
HKN,Hoskins Airport,Kimbe,PG
HKT,Phuket International Airport,Phuket,TH
HLD,Hulunbuir Hailar Airport,Hailar,CN
HLH,Ulanhot Yilelite Airport,Ulanhot,CN
HLP,Halim Perdanakusuma International Airport,Jakarta,ID
HLZ,Hamilton International Airport,Hamilton,NZ
HMI,Hami Airport,Hami,CN
HMS,Haji Muhammad Sidik Airport,Muara Teweh,ID
HNA,Iwate Hanamaki Airport,Hanamaki,JP
HND,Tokyo Haneda International Airport,Tokyo,JP
HNI,Heiweni Airport,Heiweni,PG
HNN,Honinabi Airport,Honinabi,PG
HNY,Hengyang Nanyue Airport,Hengyang,CN
HOC,Komako Airport,Komako,PG
HOK,Hooker Creek Airport,Lajamanu,AU
HOQ,Hof-Plauen Airport,Hof,DE
HPA,Lifuka Island Airport,Lifuka,TO
HPG,Shennongjia Hongping Airport,Shennongjia (Hongping),CN
HPH,Cat Bi International Airport,Haiphong (Hai An),VN
HQL,Tashikuergan Hongqilafu Airport,Tashikuergan,CN
HQQ,Anyang Hongqiqu Airport,Anyang,CN
HRB,Harbin Taiping International Airport,Harbin,CN
HRH,Aligarh Airport,Aligarh,IN
HSC,Shaoguan Danxia Airport,Shaoguan,CN
HSG,Kyushu Saga International Airport,Saga,JP
HSN,Zhoushan Putuoshan International Airport,Zhoushan,CN
HSR,Rajkot International Airport,Rajkot,IN
HSS,Maharaja Agrasen International Airport,Hisar,IN
HTI,Hamilton Island Airport,Hamilton Island,AU
HTN,Hotan Airport,Hotan,CN
HTT,Huatugou Airport,Mengnai,CN
HUI,Phu Bai International Airport,Huế,VN
HUO,Holingol Huolinhe Airport,Holingol,CN
HUY,Humberside Airport,"Grimsby, Lincolnshire",GB
HUZ,Huizhou Pingtan Airport,Huizhou (Pingtan),CN
HVB,Hervey Bay Airport,Hervey Bay,AU
HWA,Hawabango Airport,Hawabango,PG
HWR,Halwara International Airport,Halwara,IN
HXD,Delingha Airport,Delingha,CN
HYD,Rajiv Gandhi International Airport,Hyderabad,IN
HYF,Hayfields Airport,Bainyik,PG
HYN,Taizhou Luqiao Airport,Taizhou (Luqiao),CN
HZA,Heze Mudan Airport,Heze (Dingtao),CN
HZG,Hanzhong Chenggu Airport,Hanzhong (Chenggu),CN
HZH,Liping Airport,Liping,CN
HZU,Chengdu Huaizhou Airport,Chengdu (Jintang),CN
IAL,Ialibu Airport,Ialibu,PG
IAO,Siargao Airport,Del Carmen,PH
IBI,Iboki Airport,Iboki,PG
IBR,Ibaraki International Airport,Omitama,JP
ICI,Cicia Airport,Cicia,FJ
ICN,Incheon International Airport,Seoul,KR
IDN,Indagen Airport,Indagen,PG
IDR,Devi Ahilya Bai Holkar International Airport,Indore,IN
IEJ,Iejima Airport,Ie,JP
IGS,Ingolstadt Manching Airport,Manching,DE
IHU,Ihu Airport,Ihu,PG
IIS,Nissan Island Airport,Nissan Island,PG
IKI,Iki Airport,Iki,JP
ILO,Iloilo International Airport,Cabatuan,PH
ILY,Islay Airport,"Isle of Islay, Argyll and Bute",GB
IMA,Iamalele Airport,"Iamalele, Fergusson Island",PG
IMD,Imonda Airport,Imonda,PG
IMF,Bir Tikendrajit International Airport,Imphal,IN
IMI,Ine Airport,Arno Atoll,MH
IMN,Imane Airport,Imane,PG
INC,Yinchuan Hedong International Airport,Yinchuan,CN
INU,Nauru International Airport,Yaren,NR
INV,Inverness Airport,Inverness,GB
IOK,Iokea Airport,Iokea,PG
IOP,Ioma Airport,Ioma,PG
IPA,Ipota Airport,Ipota,VU
IPH,Sultan Azlan Shah Airport,Ipoh,MY
IQM,Qiemo Yudu Airport,Qiemo,CN
IQN,Qingyang Xifeng Airport,Qingyang (Xifeng),CN
IRA,Ngorangora Airport,Kirakira,SB
IRG,Lockhart River Airport,Lockhart River,AU
ISA,Mount Isa Airport,Mount Isa,AU
ISC,St. Mary's Airport,"St. Mary's, Isles of Scilly",GB
ISG,New Ishigaki Airport,Ishigaki,JP
ISK,Nashik International Airport,Nashik,IN
ITK,Itokama Airport,Itokama,PG
ITM,Osaka Itami International Airport,Osaka,JP
IVC,Invercargill Airport,Invercargill,NZ
IVR,Inverell Airport,Inverell,AU
IWJ,Iwami Airport,Masuda,JP
IWK,Iwakuni Kintaikyo Airport,Iwakuni,JP
IWO,Ioto (Iwo Jima) Airbase,Ogasawara,JP
IXA,Agartala - Maharaja Bir Bikram Airport,Agartala,IN
IXB,Bagdogra Airport,Siliguri,IN
IXC,Shaheed Bhagat Singh International Airport,Chandigarh,IN
IXD,Prayagraj Airport,Allahabad,IN
IXE,Mangaluru International Airport,Mangaluru,IN
IXG,Belagavi Airport,Belgaum,IN
IXH,Kailashahar Airport,Kailashahar,IN
IXI,Lilabari North Lakhimpur Airport,Lilabari,IN
IXJ,Jammu Airport,Jammu,IN
IXK,Keshod Airport,Keshod,IN
IXL,Leh Kushok Bakula Rimpochee Airport,Leh,IN
IXM,Madurai Airport,Madurai,IN
IXP,Pathankot Airport,Pathankot,IN
IXR,Birsa Munda Airport,Ranchi,IN
IXS,Silchar Airport,Silchar,IN
IXU,Aurangabad Airport,Aurangabad,IN
IXW,Sonari Airport,Jamshedpur,IN
IXX,Bidar Airport / Bidar Air Force Station,Bidar,IN
IXY,Kandla Airport,Kandla,IN
IXZ,Veer Savarkar International Airport / INS Utkrosh,Port Blair,IN
IZO,Izumo Enmusubi Airport,Izumo,JP
JAD,Perth Jandakot Airport,Perth,AU
JAI,Jaipur International Airport,Jaipur,IN
JAQ,Jacquinot Bay Airport,Jacquinot Bay,PG
JAT,Jabot Airport,Ailinglapalap Atoll,MH
JBB,Notohadinegoro Airport,Jember,ID
JBK,Qitai Jiangbulake Airport,Qitai,CN
JDE,Jiande Qiandaohu General Airport,Hangzhou,CN
JDG,Jeongseok Airport,Jeju Island,KR
JDH,Jodhpur Airport,Jodhpur,IN
JDZ,Jingdezhen Luojia Airport,Jingdezhen,CN
JEJ,Jeh Airport,Ailinglapalap Atoll,MH
JGA,Jamnagar Airport,Jamnagar,IN
JGB,Jagdalpur Airport,Jagdalpur,IN
JGD,Daxing'anling Elunchun Airport,Jiagedaqi,CN
JGN,Jiayuguan International Airport,Jiayuguan,CN
JGS,Jinggangshan Airport,Ji'an,CN
JHB,Senai International Airport,Johor Bahru,MY
JHG,Xishuangbanna Gasa International Airport,Jinghong (Gasa),CN
JIC,Jinchang Jinchuan Airport,Jinchang,CN
JIO,Jos Orno Imsula Airport,Tiakur,ID
JIQ,Qianjiang Wulingshan Airport,Qianjiang,CN
JIU,Jiujiang Lushan Airport,Jiujiang,CN
JJN,Quanzhou Jinjiang International Airport,Quanzhou,CN
JLG,Jalgaon Airport,Jalgaon,IN
JLR,Jabalpur Airport,Jabalpur,IN
JMJ,Lancang Jingmai Airport,Pu'er (Lancang),CN
JMU,Jiamusi Songjiang International Airport,Jiamusi,CN
JNG,Jining Da'an Airport,Jining,CN
JNH,Jiaxing Nanhu Airport,"Xiuzhou, Hangzhou",CN
JNZ,Jinzhou Bay Airport,Jinzhou (Linghai),CN
JOG,Adisutjipto International Airport,Yogyakarta,ID
JOL,Jolo Airport,Jolo,PH
JOP,Josephstaal Airport,Josephstaal,PG
JRH,Jorhat Airport,Jorhat,IN
JSJ,Jiansanjiang Shidi Airport,Jiansanjiang,CN
JUH,Chizhou Jiuhuashan Airport,Chizhou,CN
JUI,Juist Airport,Juist,DE
JUZ,Quzhou Airport,Quzhou (Kezheng),CN
JWO,Jungwon Air Base/Chungju Airport,Gimseang-ro,KR
JXA,Jixi Xingkaihu Airport,Jixi,CN
JZH,Jiuzhai Huanglong Airport,Ngawa (Songpan),CN
KAF,Karato Airport,Karato,PG
KAG,Gangneung Airport (K-18),Gangneung,KR
KAK,Kar Airport,Kar,PG
KAQ,Kamulai Airport,Kamulai Mission,PG
KAT,Kaitaia Airport,Awanui,NZ
KAW,Kawthoung Airport,Kawthoung,MM
KAX,Kalbarri Airport,Kalbarri,AU
KAY,Wakaya Island Airport,Wakaya Island,FJ
KBK,Kushinagar International Airport,Kushinagar,IN
KBR,Sultan Ismail Petra Airport,Kota Baharu,MY
KBT,Kaben Airport,Kaben,MH
KBU,Gusti Syamsir Alam Airport,Stagen,ID
KBV,Krabi International Airport,Krabi,TH
KCA,Kuqa Qiuci Airport,Kuqa,CN
KCH,Kuching International Airport,Kuching,MY
KCJ,Komaio Airport,Komaio,PG
KCZ,Kochi Ryoma Airport,Nankoku,JP
KDE,Koroba Airport,Koroba,PG
KDI,Haluoleo Airport,Kendari,ID
KDP,Kandep Airport,Kandep,PG
KDQ,Kamberatoro Airport,Kamberatoro Mission,PG
KDR,Kandrian Airport,Kandrian,PG
KDT,Kamphaeng Saen Airport,Nakhon Pathom,TH
KDV,Vunisea Airport,Vunisea,FJ
KEG,Keglsugl Airport,Denglagu Mission,PG
KEL,Kiel-Holtenau Airport,Kiel,DE
KET,Kengtung Airport,Kengtung,MM
KEX,Kanabea Airport,Kanabea,PG
KGB,Konge Airport,Konge,PG
KGE,Kaghau Airport,Kagau Island,SB
KGH,Yongai Airport,Yongai,PG
KGI,Kalgoorlie Boulder Airport,Broadwood,AU
KGM,Kungim Airport,Kungim,PG
KGT,Kangding Airport,Garzê (Kangding),CN
KGW,Kagi Airport,Kagi,PG
KHG,Kashgar Laining International Airport,Kashgar,CN
KHM,Kanti Airport,Kanti,MM
KHN,Nanchang Changbei International Airport,Nanchang,CN
KIE,Aropa Airport,Kieta,PG
KII,Kibuli Airstrip,Kibuli,PG
KIJ,Niigata Airport,Niigata,JP
KIO,Kili Airport,Kili Island,MH
KIQ,Kira Airport,Kira,PG
KIX,Kansai International Airport,Osaka,JP
KJB,Kurnool Airport,Orvakal,IN
KJH,Kaili Huangping Airport,Kaili (Huangping),CN
KJI,Burqin Kanas Airport,Burqin,CN
KJT,Kertajati International Airport,Kertajati,ID
KKC,Khon Kaen Airport,Khon Kaen,TH
KKD,Kokoda Airport,Kokoda,PG
KKE,Kerikeri Airport,Kerikeri,NZ
KKJ,Kitakyushu Airport,Kitakyushu,JP
KKM,Khok Kathiam Airport,Lop Buri,TH
KKX,Kikai Airport,Kikai,JP
KLH,Kolhapur Airport,Kolhapur,IN
KLO,Kalibo International Airport,Kalibo,PH
KLP,Seruyan Kuala Pembuang Airport,Seruyan,ID
KMA,Kerema Airport,Kerema,PG
KMB,Koinambe Airport,Konambe,PG
KMF,Kamina Airport,Hoieti,PG
KMG,Kunming Changshui International Airport,Kunming,CN
KMI,Miyazaki Airport,Miyazaki,JP
KMJ,Kumamoto Airport,Kumamoto,JP
KMQ,Komatsu Airport / JASDF Komatsu Air Base,Kanazawa,JP
KMR,Karimui Airport,Karimui,PG
KNE,Kanainj Airport,Kanainj,PG
KNF,RAF Marham,"King's Lynn, Norfolk",GB
KNG,Utarom Airport,Kaimana,ID
KNO,Kualanamu International Airport,Beringin,ID
KNU,Kanpur Airport,Kanpur,IN
KNX,East Kimberley Regional (Kununurra) Airport,Kununurra,AU
KOE,El Tari Airport,Kupang,ID
KOI,Kirkwall Airport,"Kirkwall, Orkney Islands",GB
KOJ,Kagoshima Airport,Kagoshima,JP
KOM,Komo-Manda Airport,Komo,PG
KOP,Nakhon Phanom Airport,Nakhon Phanom,TH
KOR,Kakoro(Koroko) Airstrip,Kakoro,PG
KOS,Sihanouk International Airport,Preah Sihanouk,KH
KOW,Ganzhou Huangjin Airport,Ganzhou,CN
KPA,Kopiago Airport,Kopiago,PG
KPF,Kondobol Airport,Kondobol,PG
KPL,Kapal Airport,Kapal,PG
KPO,Pohang Airport (G-815/K-3),Pohang,KR
KQH,Kishangarh Airport Ajmer,Ajmer (Kishangarh),IN
KQL,Kol Airport,Kol,PG
KQR,Karara Airport,Karara,AU
KRC,Departi Parbo Airport,Sungai Penuh,ID
KRI,Kikori Airport,Kikori,PG
KRJ,Karawari Airstrip,Amboin,PG
KRL,Korla Licheng Airport,Korla,CN
KRU,Kerau Airport,Gunim,PG
KRX,Kar Kar Airport,Kar Kar Island,PG
KRY,Karamay Airport,Karamay,CN
KSA,Kosrae International Airport,Okat,FM
KSB,Kasonombe Airport,Kasonombe,PG
KSF,Kassel Airport,Calden,DE
KSP,Kosipe Airport,Kosipe Mission,PG
KSR,Selayar - Haji Aroeppala Airport,Benteng,ID
KSX,Yasuru Airport,Yasuru,PG
KTA,Karratha Airport,Karratha,AU
KTD,Kitadaito Airport,Kitadaitōjima,JP
KTE,Kerteh Airport,Kerteh,MY
KTG,Rahadi Osman Airport,Ketapang,ID
KTI,Techo International Airport,Phnom Penh (Boeng Khyang),KH
KTU,Kota Airport,Kota,IN
KUA,Kuantan Airport,Kuantan,MY
KUC,Kuria Airport,Kuria,KI
KUD,Kudat Airport,Kudat,MY
KUE,Kukudu Airport,Kolombangara Island,SB
KUG,Kubin Island Airport,Kubin Island,AU
KUH,Kushiro Airport,Kushiro,JP
KUL,Kuala Lumpur International Airport,Sepang,MY
KUM,Yakushima Airport,Yakushima,JP
KUP,Kupiano Airport,Kupiano,PG
KUQ,Kuri Airport,Kuri,PG
KUU,Kullu Manali Airport,Bhuntar,IN
KUV,Gunsan Airport / Gunsan Air Base,Gunsan,KR
KUY,Kamusi Airport,Kamusi,PG
KVE,Kitava Airport,Kitava Island,PG
KVG,Kavieng Airport,Kavieng,PG
KVU,Korolevu Seaplane Base,Korolevu,FJ
KWA,Bucholz Army Air Field,Kwajalein,MH
KWB,Dewadaru Airport,Karimunjawa,ID
KWE,Guiyang Longdongbao International Airport,Guiyang (Nanming),CN
KWJ,Gwangju Airport,Gwangju,KR
KWL,Guilin Liangjiang International Airport,Guilin (Lingui),CN
KWM,Kowanyama Airport,Kowanyama,AU
KWO,Kawito Airport,Kawito,PG
KWS,Kwailabesi Airport,Kwailabesi,SB
KXB,Sangia Nibandera Airport,Kolaka,ID
KXF,Koro Island Airport,Koro Island,FJ
KYP,Kyaukpyu Airport,Kyaukpyu,MM
KYX,Yalumet Airport,Yalumet,PG
KZF,Kaintiba Airport,Kaintiba,PG
LAB,Lab Lab Airport,Lab Lab Mission,PG
LAE,Nadzab Tomodachi International Airport,Lae,PG
LAO,Laoag International Airport,Laoag City,PH
LBA,Leeds Bradford Airport,"Leeds, West Yorkshire",GB
LBC,Lübeck Blankensee Airport,Lübeck,DE
LBH,Palm Beach Seaplane Base,Sydney,AU
LBJ,Komodo Airport,"Labuan Bajo, Manggarai Barat",ID
LBP,Long Banga Airport,Long Banga,MY
LBS,Labasa Airport,Labasa,FJ
LBU,Labuan Airport,Labuan,MY
LBW,Yuvai Semaring Airport,Long Bawan,ID
LBX,Lubang Airport,Lubang,PH
LCX,Liancheng Guanzhishan Airport,Longyan (Liancheng),CN
LCY,London City Airport,London,GB
LDH,Lord Howe Island Airport,Lord Howe Island,AU
LDS,Yichun Lindu Airport,Yichun,CN
LDU,Lahad Datu Airport,Lahad Datu,MY
LDY,City of Derry Airport,"Derry, Derry and Strabane",GB
LEA,Learmonth Airport,Exmouth,AU
LEJ,Leipzig/Halle Airport,Schkeuditz,DE
LEQ,Land's End Airport,"Land's End, Cornwall",GB
LEV,Levuka Airfield,Bureta,FJ
LEY,Lelystad Airport,Lelystad,NL
LFQ,Linfen Yaodu Airport,Linfen (Yaodu),CN
LGK,Langkawi International Airport,Langkawi,MY
LGL,Long Lellang Airport,Long Datih,MY
LGN,Linga Linga Airport,Linga Linga,PG
LGW,London Gatwick Airport,London,GB
LGZ,Shannan Longzi Airport,Shannan,CN
LHA,Lahr Airport,Lahr/Schwarzwald,DE
LHK,Guangzhou MR Air Base / Guanghua Airport,Xiangyang (Laohekou),CN
LHR,London Heathrow Airport,London,GB
LHW,Lanzhou Zhongchuan International Airport,Lanzhou (Yongdeng),CN
LIK,Likiep Airport,Likiep Island,MH
LIW,Loikaw Airport,Loikaw,MM
LJG,Lijiang Sanyi International Airport,Lijiang,CN
LKA,Larantuka Gewayentana Airport,Tiwatobi,ID
LKB,Lakeba Island Airport,Lakeba Island,FJ
LKI,Lasikin Airport,Lubang,ID
LKM,Bolaang Mongondow Airport,Lolak,ID
LKO,Chaudhary Charan Singh International Airport,Lucknow,IN
LKZ,RAF Lakenheath,"Brandon, Suffolk",GB
LLB,Libo Airport,Qiannan (Libo),CN
LLC,Cagayan North International Airport,Lal-lo,PH
LLF,Yongzhou Lingling Airport,Yongzhou,CN
LLM,Lomlom Airport,Lomlom,SB
LLO,Bua - Palopo Lagaligo Airport,Palopo,ID
LLV,Lüliang Dawu Airport,Lüliang,CN
LMI,Lumi Airport,Lumi,PG
LML,Lae Island Airport,Lae Island,MH
LMN,Limbang Airport,Limbang,MY
LMO,RAF Lossiemouth,"Lossiemouth, Moray",GB
LMY,Lake Murray Airport,Lake Murray,PG
LNB,Lamen Bay Airport,Lamen Bay,VU
LNE,Lonorore Airport,Lonorore,VU
LNG,Lese Airport,Lese,PG
LNJ,Lincang Boshang Airport,Lincang,CN
LNL,Longnan Chengzhou Airport,Longnan (Cheng),CN
LNO,Leonora Airport,Leonora,AU
LNU,Robert Atty Bessing,Malinau,ID
LNV,Londolovit Airport,Londolovit,PG
LOD,Longana Airport,Longana,VU
LOP,Lombok International Airport,"Mataram (Pujut, Lombok Tengah)",ID
LPF,Liupanshui Yuezhao Airport,Liupanshui (Zhongshan),CN
LPL,Liverpool John Lennon Airport,Liverpool,GB
LPM,Lamap Airport,Lamap,VU
LPN,Leron Plains Airport,Leron Plains,PG
LPQ,Luang Phabang International Airport,Luang Phabang,LA
LPU,Long Apung Airport,Long Apung-Borneo Island,ID
LRE,Longreach Airport,Longreach,AU
LSA,Losuia Airport,Losuia,PG
LSH,Lashio Airport,Lashio,MM
LSI,Sumburgh Airport,"Lerwick, Shetland",GB
LSJ,Long Island Airport,Long Island,PG
LSR,Alas Leuser Airport,Kutacane,ID
LST,Launceston Airport,Launceston (Western Junction),AU
LSW,Malikus Saleh Airport,Lhok Seumawe-Sumatra Island,ID
LSX,Lhok Sukon Airport,Lhok Sukon-Sumatra Island,ID
LSY,Lismore Airport,Lismore,AU
LTF,Leitre Airport,Leitre,PG
LTH,Long Thanh International Airport (Under Construction),Ho Chi Minh City (Long Thanh),VN
LTN,London Luton Airport,"Luton, Luton",GB
LTU,Murod Kond Airport,Latur,IN
LUC,Laucala Island Airport,Laucala Island,FJ
LUM,Dehong Mangshi International Airport,Dehong (Mangshi),CN
LUV,Karel Sadsuitubun Airport,Langgur,ID
LUW,Syukuran Aminuddin Amir Airport,Luwok,ID
LVO,Laverton Airport,Laverton,AU
LWI,Lowai Airport,Lowai,PG
LWK,Lerwick / Tingwall Airport,"Lerwick, Shetland Islands",GB
LWR,Leeuwarden Air Base,Leeuwarden,NL
LWY,Lawas Airport,Lawas,MY
LXA,Lhasa Gonggar International Airport,Shannan (Gonggar),CN
LXG,Luang Namtha Airport,Luang Namtha,LA
LYA,Luoyang Beijiao Airport,Luoyang (Laocheng),CN
LYG,Lianyungang Huaguoshan International Airport,Lianyungang,CN
LYI,Linyi Qiyang Airport,Linyi (Hedong),CN
LYX,Lydd London Ashford Airport,"Romney Marsh, Kent",GB
LZG,Langzhong Gucheng Airport,Nanchong (Langzhong),CN
LZH,Liuzhou Bailian Airport / Bailian Air Base,Liuzhou (Liujiang),CN
LZO,Luzhou Yunlong Airport,Luzhou (Yunlong),CN
LZY,Nyingchi Mainling Airport,Nyingchi (Mainling),CN
MAA,Chennai International Airport,Chennai,IN
MAG,Madang Airport,Madang,PG
MAJ,Marshall Islands International Airport,Majuro Atoll,MH
MAN,Manchester Airport,"Manchester, Greater Manchester",GB
MAP,Mamai Airport,Mamai,PG
MAS,Momote Airport,Manus Island,PG
MAV,Maloelap Island Airport,Maloelap Island,MH
MBE,Monbetsu Airport,Monbetsu,JP
MBO,Mamburao Airport,Mamburao,PH
MBT,Moises R. Espinosa Airport,Masbate,PH
MBU,Babanakira Airport,Mbambanakira,SB
MBV,Masa Airport,Masa,PG
MBW,Melbourne Moorabbin Airport,Melbourne,AU
MCV,McArthur River Mine Airport,McArthur River Mine,AU
MCY,Sunshine Coast Airport,Maroochydore,AU
MDC,Sam Ratulangi International Airport,Manado,ID
MDG,Mudanjiang Hailang International Airport,Mudanjiang,CN
MDL,Mandalay International Airport,Mandalay,MM
MDM,Munduku Airport,Munduku,PG
MDU,Mendi Airport,Mendi,PG
MEB,Melbourne Essendon Airport,Essendon Fields,AU
MEL,Melbourne Airport,Melbourne,AU
MEQ,Cut Nyak Dhien Airport,Kuala Pesisir,ID
MES,Soewondo Air Force Base,Medan,ID
MFJ,Moala Airport,Moala,FJ
MFO,Manguna Airport,Manguna,PG
MFZ,Meselia Airport,Demgulu,PG
MGB,Mount Gambier Airport,Mount Gambier,AU
MGL,Mönchengladbach Airport,Mönchengladbach,DE
MGP,Manga Airport,Manga Mission,PG
MGT,Milingimbi Airport,Milingimbi Island,AU
MGZ,Myeik Airport,Mkeik,MM
MHG,Mannheim-City Airport,Mannheim,DE
MHM,Manaoba Airport,Manaoba,SB
MHU,Mount Hotham Airport,Mount Hotham,AU
MHY,Morehead Airport,Morehead,PG
MHZ,RAF Mildenhall,"Bury Saint Edmunds, Suffolk",GB
MIG,Mianyang Nanjiao Airport,Mianyang (Fucheng),CN
MIJ,Mili Island Airport,Mili Island,MH
MIM,Merimbula Airport,Merimbula,AU
MIS,Misima Island Airport,Misima Island,PG
MJB,Mejit Atoll Airport,Mejit Atoll,MH
MJE,Majkin Airport,Majkin,MH
MJJ,Moki Airport,Moki,PG
MJK,Shark Bay Airport,Denham,AU
MKM,Mukah Airport,Mukah,MY
MKN,Malekolon Airport,Babase Island,PG
MKQ,Mopah International Airport,Merauke,ID
MKW,Rendani Airport,Manokwari,ID
MKY,Mackay Airport,Mackay,AU
MKZ,Malacca International Airport,Malacca,MY
MLG,Abdul Rachman Saleh Airport,Malang,ID
MLQ,Malalaua Airport,Malalaua,PG
MMB,Memanbetsu Airport,Ōzora,JP
MMD,Minamidaito Airport,Minamidaito,JP
MME,Teesside International Airport,"Darlington, Durham",GB
MMJ,Shinshu-Matsumoto Airport,Matsumoto,JP
MMV,Mal Airport,Mal Island,PG
MMY,Miyako Airport,Miyakojima,JP
MNF,Mana Island Airport,Mana Island,FJ
MNG,Maningrida Airport,Maningrida,AU
MNK,Maiana Airport,Maiana,KI
MNL,Ninoy Aquino International Airport,Manila (Pasay),PH
MNP,Maron Island Airport,Hermit Islands,PG
MNU,Mawlamyine Airport,Mawlamyine,MM
MNY,Mono Airport,Stirling Island,SB
MOF,Frans Xavier Seda Airport,Waioti,ID
MOG,Mong Hsat Airport,Mong Hsat,MM
MOH,Maleo Airport,Morowali,ID
MOV,Moranbah Airport,Moranbah,AU
MPC,Muko Muko Airport,Muko Muko,ID
MPF,Mapoda Airport,Mapoda,PG
MPG,Makini Airport,Makini,PG
MPH,Godofredo P. Ramos Airport,Caticlan,PH
MPU,Mapua(Mabua) Airport,Tatau Island,PG
MPX,Miyanmin Airport,Miyanmin,PG
MQL,Mildura Airport,Mildura,AU
MQO,Malam Airport,Malam,PG
MRG,Mareeba Airport,Mareeba,AU
MRH,May River Airstrip,May River,PG
MRM,Manari Airport,Manari,PG
MRO,Hood Airport,Masterton,NZ
MRQ,Marinduque Airport,Gasan,PH
MRZ,Moree Airport,Moree,AU
MSJ,Misawa Airport / Misawa Air Base,Misawa,JP
MST,Maastricht Aachen Airport,Maastricht,NL
MTK,Makin Island Airport,Makin Island,KI
MTV,Mota Lava Airport,Ablow,VU
MUA,Munda Airport,Munda,SB
MUC,Munich Airport,Munich,DE
MUR,Marudi Airport,Marudi,MY
MWF,Maewo-Naone Airport,Maewo Island,VU
MWG,Marawaka Airport,Marawaka,PG
MWI,Maramuni Airport,Maramuni,PG
MWQ,Magway Airport,Magway,MM
MWU,Mussau Airport,Mussau Island,PG
MWX,Muan International Airport,Muan (Piseo-ri),KR
MXH,Moro Airport,Moro,PG
MXI,Mati National Airport,Mati,PH
MXK,Mindik Airport,Mindik,PG
MXS,Maota Airport,Maota,WS
MXZ,Meizhou Meixian Changgangji International Airport,Meizhou (Meixian),CN
MYA,Moruya Airport,Moruya,AU
MYE,Miyakejima Airport,Miyakejima,JP
MYI,Murray Island Airport,Murray Island,AU
MYJ,Matsuyama Airport,Matsuyama,JP
MYQ,Mysore Airport,Mysore,IN
MYT,Myitkyina Airport,Myitkyina,MM
MYX,Menyamya Airport,Menyamya,PG
MYY,Miri Airport,Miri,MY
MZK,Marakei Airport,Marakei,KI
MZN,Minj Airport,Minj,PG
MZS,Moradabad Airport,Moradabad,IN
MZU,Muzaffarpur Airport,Muzaffarpur,IN
MZV,Mulu Airport,Mulu,MY
NAA,Narrabri Airport,Narrabri,AU
NAG,Dr. Babasaheb Ambedkar International Airport,Nagpur,IN
NAH,Naha Airport,"Tabukan Utara, Sangihe Islands",ID
NAK,Nakhon Ratchasima Airport,Chaloem Phra Kiat,TH
NAM,Namniwel Airport,Namniwel,ID
NAN,Nadi International Airport,Nadi,FJ
NAO,Nanchong Gaoping Airport,Nanchong (Gaoping),CN
NAZ,Nana Airport,Star Harbor,SB
NBA,Nambaiyufa Airport,Nambaiyufa,PG
NBS,Changbaishan Airport,Baishan,CN
NBX,Douw Aturure Airport,Nabire,ID
NCL,Newcastle International Airport,"Newcastle upon Tyne, Tyne and Wear",GB
NDC,Nanded Airport,Nanded,IN
NDG,Qiqihar Sanjiazi Airport,Qiqihar,CN
NDI,Namudi Airport,Namudi,PG
NDK,Namorik Airport,Namorik Atoll,MH
NDN,Nadunumu Airport,Nadunumu,PG
NDY,Sanday Airport,Sanday,GB
NFO,Mata'aho Airport,"Angaha, Niuafo'ou Island",TO
NGB,Ningbo Lishe International Airport,Ningbo,CN
NGI,Ngau Airport,Ngau,FJ
NGO,Chubu Centrair International Airport,Tokoname,JP
NGQ,Ngari Gunsa Airport,Shiquanhe,CN
NGS,Nagasaki Airport,Nagasaki,JP
NHT,RAF Northolt,"Northolt, Greater London",GB
NIG,Nikunau Airport,Nikunau,KI
NIS,Simberi Airport,Simberi Island,PG
NJA,JMSDF Atsugi Air Base / Naval Air Facility Atsugi,Ayase / Yamato,JP
NKG,Nanjing Lukou International Airport,Nanjing,CN
NKM,Nagoya Airport / JASDF Komaki Air Base,Nagoya,JP
NKN,Nankina Airport,Gwarawon,PG
NLF,Darnley Island Airport,Darnley Island,AU
NLH,Ninglang Luguhu Airport,Ninglang,CN
NLT,Xinyuan Nalati Airport,Xinyuan,CN
NMB,Daman Airport,Daman,IN
NMI,Navi Mumbai International Airport,Navi Mumbai,IN
NMN,Nomane Airport,Namane,PG
NMS,Namsang Airport,Namsang,MM
NNB,Santa Ana Airport,Santa Ana Island,SB
NNG,Nanning Wuxu International Airport,Nanning (Jiangnan),CN
NNY,Nanyang Jiangying Airport,Nanyang (Wancheng),CN
NOA,Naval Air Station Nowra - HMAS Albatross,Nowra Hill,AU
NOD,Norden-Norddeich Airport,Norddeich,DE
NOM,Nomad River Airport,Nomad River,PG
NON,Nonouti Airport,Nonouti,KI
NOO,Naoro Airport,Naoro Vilage,PG
NPE,Hawke's Bay Airport,Napier,NZ
NPG,Nipa Airport,Nipa,PG
NPL,New Plymouth Airport,New Plymouth,NZ
NPO,Nanga Pinoh Airport,Nanga Pinoh-Borneo Island,ID
NQT,Nottingham City Airport,"Nottingham, Nottinghamshire",GB
NQY,Cornwall Airport Newquay,Newquay,GB
NRA,Narrandera Airport,Narrandera,AU
NRD,Norderney Airport,Norderney,DE
NRL,North Ronaldsay Airport,North Ronaldsay,GB
NRN,Weeze (Niederrhein) Airport,Weeze,DE
NRT,Narita International Airport,Narita,JP
NSN,Nelson Airport,Nelson,NZ
NST,Nakhon Si Thammarat Airport,Nakhon Si Thammarat,TH
NTG,Nantong Xingdong International Airport,Nantong (Tongzhou),CN
NTL,Newcastle Airport,Williamtown,AU
NTN,Normanton Airport,Normanton,AU
NTQ,Noto Satoyama Airport,Wajima,JP
NTT,Kuini Lavenia Airport,Niuatoputapu,TO
NTX,Ranai Airport,Ranai-Natuna Besar Island,ID
NUE,Nuremberg Airport,Nuremberg,DE
NUG,Nuguria Airstrip,Nuguria Island,PG
NUS,Norsup Airport,Norsup,VU
NWI,Norwich Airport,"Norwich, Norfolk",GB
NWT,Nowata Airport,Nowata,PG
NYT,Nay Pyi Taw International Airport,Naypyitaw,MM
NYU,Bagan Airport,Nyaung U,MM
NZH,Manzhouli Xijiao Airport,Manzhouli,CN
NZL,Zhalantun Genghis Khan Airport,Zhalantun,CN
OAG,Orange Airport,Orange,AU
OBF,Oberpfaffenhofen Airport,Weßling,DE
OBM,Morobe Airport,Morobe,PG
OBN,Oban Airport,North Connel,GB
OBO,Tokachi-Obihiro Airport,Obihiro,JP
OBX,Obo Airport,Obo,PG
ODH,RAF Odiham,"Hook, Hampshire",GB
ODN,Long Seridan Airport,Long Seridan,MY
ODY,Oudomsay Airport,Oudomsay,LA
OEC,Oecusse Route of the Sandalwood International Airport,Oecussi-Ambeno,TL
OGN,Yonaguni Airport,Yonaguni,JP
OHE,Mohe Gulian Airport,Mohe,CN
OIM,Oshima Airport,Izu Oshima,JP
OIR,Okushiri Airport,Okushiri Island,JP
OIT,Oita Airport,Oita,JP
OJU,Tanjung Api Airport,Tojo Una-Una,ID
OKA,Naha International Airport,Naha,JP
OKD,Sapporo Okadama Airport,Sapporo,JP
OKE,Okinoerabu Airport,Wadomari,JP
OKI,Oki Global Geopark Airport,Okinoshima,JP
OKJ,Okayama Momotaro Airport,Okayama,JP
OKL,Oksibil Airport,Oksibil,ID
OKO,Yokota Air Base,Fussa,JP
OKP,Oksapmin Airport,Oksapmin,PG
OKR,Yorke Island Airport,Yorke Island,AU
OKV,Okao Airport,Okao,PG
OLJ,North West Santo Airport,Olpoi,VU
OLP,Olympic Dam Airport,Olympic Dam,AU
OLQ,Olsobip Airport,Olsobip,PG
OMC,Ormoc Airport,Ormoc City,PH
ONB,Ononge Airport,Onange Mission,PG
ONJ,Odate Noshiro Airport,Kitaakita,JP
ONU,Ono-i-Lau Airport,Ono-i-Lau,FJ
OOL,Gold Coast Airport,Gold Coast,AU
OOM,Cooma Snowy Mountains Airport,Cooma,AU
OOT,Onotoa Airport,Onotoa,KI
OPB,Open Bay Airport,Maitanakunai,PG
OPU,Balimo Airport,Balimo,PG
OSE,Omora Airport,Omora,PG
OSG,Ossima Airport,Ossima,PG
OSN,Osan Air Base,Pyeongtaek,KR
OTI,Pitu Airport,Gotalalamo-Morotai Island,ID
OXF,London Oxford Airport,"Kidlington, Oxfordshire",GB
OZC,Labo Airport,Ozamiz,PH
PAB,Bilaspur Airport,Bilaspur,IN
PAD,Paderborn Lippstadt Airport,Büren,DE
PAG,Pagadian Airport,Pagadian,PH
PAT,Jay Prakash Narayan Airport,Patna,IN
PAW,Pambwa Airstrip,Pambwa Station,PG
PBD,Porbandar Airport,Porbandar,IN
PBJ,Tavie Airport,Paama Island,VU
PBO,Paraburdoo Airport,Paraburdoo,AU
PBU,Putao Airport,Putao,MM
PCN,Picton Aerodrome,Koromiko,NZ
PDG,Minangkabau International Airport,Padang (Katapiang),ID
PDI,Pindiu Airport,Pindiu,PG
PDO,Pendopo Airport,Talang Gudang-Sumatra Island,ID
PEK,Beijing Capital International Airport,Beijing,CN
PEN,Penang International Airport,Penang,MY
PER,Perth International Airport,Perth,AU
PGB,Pangoa Airport,Pangoa,PG
PGH,Pantnagar Airport,Pantnagar,IN
PGK,Depati Amir Airport,Pangkal Pinang,ID
PGN,Pangia Airport,Pangia,PG
PHE,Port Hedland International Airport,Port Hedland,AU
PHR,Nanuku Airport,Nanuku Auberge Resort,FJ
PHS,Phitsanulok Airport,Phitsanulok,TH
PIK,Glasgow Prestwick Airport,"Prestwick, South Ayrshire",GB
PKE,Parkes Airport,Parkes,AU
PKG,Pulau Pangkor Airport,Pangkor Island,MY
PKN,Iskandar Airport,Pangkalanbun,ID
PKT,Port Keats Airport,Wadeye,AU
PKU,Sultan Syarif Kasim II International Airport / Roesmin Nurjadin AFB,Pekanbaru,ID
PKX,Beijing Daxing International Airport,Beijing,CN
PKY,Tjilik Riwut Airport,Palangkaraya,ID
PKZ,Pakse International Airport,Pakse,LA
PLE,Paiela Airport,Paiela,PG
PLM,Sultan Mahmud Badaruddin II Airport,Palembang,ID
PLO,Port Lincoln Airport,Port Lincoln,AU
PLW,Mutiara - SIS Al-Jufrie Airport,Palu,ID
PMN,Pumani Airport,Pumani,PG
PMP,Pimaga Airport,Pimaga,PG
PMR,Palmerston North Airport,Palmerston North,NZ
PNH,Phnom Penh International Airport,Phnom Penh (Pou Senchey),KH
PNI,Pohnpei International Airport,Pohnpei Island,FM
PNK,Supadio International Airport,Pontianak,ID
PNP,Girua Airport,Popondetta,PG
PNQ,Pune International Airport,Pune,IN
PNY,Pondicherry Airport,Puducherry (Pondicherry),IN
POM,Port Moresby Jacksons International Airport,Port Moresby,PG
PPP,Proserpine Whitsunday Coast Airport,Proserpine,AU
PPS,Puerto Princesa International Airport / PAF Antonio Bautista Air Base,Puerto Princesa,PH
PPW,Papa Westray Airport,"Papa Westray, Orkney Islands",GB
PPX,Param Airport,Nepesi,PG
PQC,Phú Quốc International Airport,Phu Quoc Island,VN
PQQ,Port Macquarie Airport,Port Macquarie,AU
PRS,Parasi Airport,Parasi,SB
PSJ,Kasiguncu Airport,Poso-Celebes Island,ID
PSU,Pangsuma Airport,Putussibau-Borneo Island,ID
PTF,Malolo Lailai Island Airport,Malolo Lailai Island,FJ
PUA,Puas Airport,Puas Mission,PG
PUS,Gimhae International Airport,Busan,KR
PUT,Sri Sathya Sai Airport,Puttaparthi,IN
PVG,Shanghai Pudong International Airport,Shanghai (Pudong),CN
PXH,Prominent Hill Airport,Mount Eba,AU
PXR,Surin Airport,Surin,TH
PXU,Pleiku Airport,Pleiku,VN
PZE,Penzance Heliport,"Penzance, Cornwall",GB
PZI,Panzhihua Bao'anying Airport,Panzhihua (Renhe),CN
QCY,RAF Coningsby,"Lincoln, Lincolnshire",GB
QGU,Gifu Airport,Gifu,JP
QLG,Landshut Airfield,Landshut,DE
QPG,Paya Lebar Air Base,Paya Lebar,SG
QSZ,Shache Airport,Shache,CN
RAA,Rakanda Airport,Rakanda,PG
RAB,Tokua Airport,Kokopo,PG
RAJ,Rajkot Airport,Rajkot,IN
RAW,Arawa Airport,Arawa,PG
RBE,Ratanakiri Airport,Ratanakiri,KH
RBI,Rabi Island Airport,Rabi Island,FJ
RBP,Raba Raba Airport,Rabaraba,PG
RBV,Ramata Airport,Ramata,SB
RCL,Redcliffe Airport,Redcliffe,VU
RDP,Kazi Nazrul Islam Airport,Durgapur,IN
REW,"Rewa Airport, Chorhata, REWA",Rewa,IN
RGN,Yangon International Airport,Yangon,MM
RGT,Japura Airport,Rengat-Sumatra Island,ID
RHT,Alxa Right Banner Badanjilin Airport,Badanjilin,CN
RIN,Ringi Cove Airport,Ringi Cove,SB
RIS,Rishiri Airport,Rishiri,JP
RIZ,Rizhao Shanzihe Airport,Rizhao (Donggang),CN
RJA,Rajahmundry Airport,Madhurapudi,IN
RJM,Marinda Airport,Waisai,ID
RKI,Mentawai Airport,Sipura Island,ID
RKU,Kairuku Airport,Yule Island,PG
RKZ,Xigaze Peace Airport / Shigatse Air Base,Xigazê (Samzhubzê),CN
RLG,Rostock-Laage Airport,Laage,DE
RLK,Bayannur Tianjitai Airport,Bayannur,CN
RMA,Roma Airport,Roma,AU
RMS,Ramstein Air Base,Ramstein-Miesenbach,DE
RNA,Ulawa Airport,Arona,SB
RNJ,Yoron Airport,Yoron,JP
RNL,Rennell/Tingoa Airport,Rennell Island,SB
RNP,Rongelap Island Airport,Rongelap Island,MH
ROI,Roi Et Airport,Roi Et,TH
ROK,Rockhampton Airport,Rockhampton,AU
ROR,Roman Tmetuchl International Airport,Babelthuap Island,PW
ROT,Rotorua Regional Airport,Rotorua,NZ
RPR,Swami Vivekananda Airport,Raipur,IN
RQA,Ruoqiang Loulan Airport,Ruoqiang Town,CN
RQY,Rashtrakavi Kuvempu Airport,Shimoga,IN
RRK,Rourkela Airport,Rourkela,IN
RSU,Yeosu Airport,Yeosu,KR
RTA,Rotuma Airport,Rotuma,FJ
RTG,Frans Sales Lega Airport,"Satar Tacik, Manggarai",ID
RTI,David Constantijn Saudale Airport,Ba'a - Rote Island,ID
RTM,Rotterdam The Hague Airport,Rotterdam,NL
RUG,Rugao Air Base,Rugao (Nantong),CN
RUS,Marau Airport,Marau,SB
RUU,Ruti Airport,Kawbenaberi,PG
RXS,Roxas Airport,Roxas City,PH
SAG,Shirdi International Airport,Kakadi,IN
SAI,Siem Reap-Angkor International Airport,Siem Reap,KH
SAM,Salamo Airport,Salamo,PG
SBC,Selbang Airport,Selbang,PG
SBR,Saibai Island Airport,Saibai Island,AU
SBV,Sabah Airport,Sabah,PG
SBW,Sibu Airport,Sibu,MY
SCN,Saarbrücken Airport,Saarbrücken,DE
SCZ,Santa Cruz/Graciosa Bay/Luova Airport,Santa Cruz/Graciosa Bay/Luova,SB
SDI,Saidor Airport,Saidor,PG
SDJ,Sendai Airport,Natori,JP
SDK,Sandakan Airport,Sandakan,MY
SDS,Sado Airport,Sado,JP
SDW,Sindhudurg Airport,Chipi,IN
SEN,London Southend Airport,"Southend-on-Sea, Essex",GB
SFE,San Fernando Airport,San Fernando,PH
SFS,Subic Bay International Airport / Naval Air Station Cubi Point,Olongapo,PH
SFU,Safia Airport,Safia,PG
SGE,Siegerland Airport,Burbach,DE
SGK,Sengapi Airstrip,Sengapi,PG
SGL,Danilo Atienza Air Base,Cavite,PH
SGN,Tan Son Nhat International Airport,Ho Chi Minh City,VN
SHA,Shanghai Hongqiao International Airport,Shanghai (Minhang),CN
SHB,Nakashibetsu Airport,Nakashibetsu,JP
SHE,Shenyang Taoxian International Airport,Shenyang,CN
SHF,Shihezi Huayuan Airport,Shihezi,CN
SHI,Shimojishima Airport,Miyakojima,JP
SHL,Shillong Airport,Shillong,IN
SHM,Nanki Shirahama Airport,Shirahama,JP
SHS,Jingzhou Shashi Airport,Jingzhou (Shashi),CN
SIA,Xi'an Xiguan Airport,Xi'an (Baqiao),CN
SIL,Sila Airport,Sila Mission,PG
SIM,Simbai Airport,Simbai,PG
SIN,Singapore Changi Airport,Singapore,SG
SIZ,Sissano Airport,Sissano,PG
SJI,San Jose Airport,San Jose,PH
SJW,Shijiazhuang Zhengding International Airport,Shijiazhuang,CN
SKC,Suki Airport,Suki,PG
SLH,Sola Airport,Sola,VU
SMH,Sapmanga Airport,Sapmanga,PG
SMJ,Sim Airport,Sim,PG
SMP,Stockholm Landing Strip,Stockholm,PG
SMQ,Sampit (H.Asan) Airport,Sampit,ID
SNB,Snake Bay Airport,Milikapiti,AU
SNW,Thandwe Airport,Thandwe,MM
SOC,Adisumarmo Airport,Surakarta,ID
SON,Santo Pekoa International Airport,Luganville,VU
SOQ,Domine Eduard Osok Airport,Sorong,ID
SOU,Southampton Airport,Southampton,GB
SOY,Stronsay Airport,Stronsay,GB
SPH,Sopu Airport,Sopu,PG
SPM,Spangdahlem Air Base,Trier,DE
SPV,Sepik Plains Airport,Sepik Plains,PG
SQD,Shangrao Sanqingshan Airport,Shangrao (Hengfeng),CN
SQG,Tebelian Airport,Sintang,ID
SQJ,Sanming Shaxian Airport,Sanming (Sha),CN
SQT,China Strait Airstrip,Samarai Island,PG
SRG,Jenderal Ahmad Yani Airport,Semarang,ID
SSE,Solapur Airport,Solapur,IN
SSN,Seoul Air Base (K-16),Seongnam,KR
SSR,Sara Airport,Pentecost Island,VU
SSS,Siassi Airport,Siassi,PG
STN,London Stansted Airport,"London, Essex",GB
STR,Stuttgart Airport,Stuttgart,DE
STV,Surat International Airport,Surat,IN
SUB,Juanda International Airport,Surabaya,ID
SUG,Surigao Airport,Surigao City,PH
SUV,Nausori International Airport,Nausori,FJ
SVU,Savusavu Airport,Savusavu,FJ
SWA,Jieyang Chaoshan International Airport,Jieyang (Rongcheng),CN
SWE,Siwea Airport,Siwea,PG
SWG,Satwag Airport,Satwag,PG
SWJ,Southwest Bay Airport,Malekula Island,VU
SWL,San Vicente Airport,San Vicente,PH
SWQ,Sultan Muhammad Kaharuddin III Airport,Sumbawa Besar,ID
SWR,Silur Airport,Silur Mission,PG
SWS,Swansea Airport,Swansea,GB
SWU,Suwon Airport,Suwon,KR
SXA,Sialum Airport,Sialum,PG
SXE,West Sale Airport,Sale,AU
SXH,Sehulea Airport,Sehulea,PG
SXJ,Shanshan Airport,Shanshan,CN
SXK,Mathilda Batlayeri Airport,Saumlaki-Yamdena Island,ID
SXR,Sheikh ul Alam International Airport,Srinagar,IN
SXV,Salem Airport,Salem,IN
SXW,Sauren Airport,Sauren,PG
SYD,Sydney Kingsford Smith International Airport,Sydney (Mascot),AU
SYM,Pu'er Simao Airport,Pu'er,CN
SYO,Shonai Airport,Shonai,JP
SYU,Warraber Island Airport,Sue Islet,AU
SYX,Sanya Phoenix International Airport,Sanya (Tianya),CN
SYY,Stornoway Airport,"Stornoway, Western Isles",GB
SZB,Sultan Abdul Aziz Shah International Airport,Subang,MY
SZH,Shuozhou Zirun Airport,Shuozhou,CN
SZV,Suzhou Guangfu Airport,Suzhou,CN
SZX,Shenzhen Bao'an International Airport,Shenzhen,CN
TAC,Daniel Z. Romualdez Airport,Tacloban City,PH
TAE,Daegu International Airport,Daegu,KR
TAG,Bohol-Panglao International Airport,Panglao,PH
TAH,Whitegrass Airport,Tanna Island,VU
TAJ,Tadji Airport,Aitape,PG
TAK,Takamatsu Airport,Takamatsu,JP
TAO,Qingdao Jiaodong International Airport,Qingdao (Jiaozhou),CN
TBB,Dong Tac Airport,Tuy Hoa,VN
TBE,Timbunke Airport,Timbunke,PG
TBG,Tabubil Airport,Tabubil,PG
TBH,Tugdan Airport,Tablas Island,PH
TBM,Tumbang Samba Airport,Tumbang Samba-Borneo Island,ID
TBQ,Tarabo Airport,Tarabo,PG
TBU,Fua'amotu International Airport,Nuku'alofa,TO
TBV,Tabal Airstrip,Tabal Island,MH
TCA,Tennant Creek Airport,Tennant Creek,AU
TCG,Tacheng Qianquan Airport,Tacheng,CN
TCJ,Torembi Airport,Torembi,PG
TCK,Tinboli Airport,Tinboli,PG
TCR,Tuticorin Airport,Vagaikulam,IN
TCZ,Tengchong Tuofeng Airport,Baoshan (Tengchong),CN
TDB,Tetebedi Airport,Tetebedi,PG
TDG,Tandag Airport,Tandag,PH
TDS,Sasereme Airport,Sasereme,PG
TDX,Trat Airport,Laem Ngop,TH
TEM,Temora Airport,Temora,AU
TEN,Tongren Fenghuang Airport,Tongren (Daxing),CN
TEO,Terapo Airport,Terapo Mission,PG
TEP,Tep Tep Airport,Teptep,PG
TFB,Tifalmin Airport,Tifalmin,PG
TFI,Tufi Airport,Tufi,PG
TFM,Telefomin Airport,Telefomin,PG
TFU,Chengdu Tianfu International Airport,Chengdu (Jianyang),CN
TGA,Tengah Air Base,Western Water Catchment,SG
TGG,Sultan Mahmud Airport,Kuala Terengganu,MY
TGH,Tongoa Airport,Tongoa Island,VU
TGL,Tagula Airport,Sudest Island,PG
TGN,Latrobe Valley Airport,Morwell,AU
TGO,Tongliao Airport,Tongliao,CN
THD,Tho Xuan Airport,Thanh Hóa,VN
THG,Thangool Airport,Biloela,AU
THL,Tachileik Airport,Tachileik,MM
THQ,Tianshui Maijishan Airport,Tianshui (Maiji),CN
TIC,Tinak Airport,Arno Atoll,MH
TIM,Mozes Kilangin Airport,Timika,ID
TIR,Tirupati International Airport,Tirupati,IN
TIZ,Tari Airport,Tari,PG
TJG,Warukin Airport,Tanta-Tabalong,ID
TJH,Konotori Tajima Airport,Toyooka,JP
TJQ,H A S Hanandjoeddin International Airport,Tanjung Pandan,ID
TJS,Tanjung Harapan Airport,Tanjung Selor-Borneo Island,ID
TKB,Tekadu Airport,Tekadu,PG
TKG,Radin Inten II International Airport,Bandar Lampung,ID
TKH,Takhli Royal Thai Air Force Base,Takhli,TH
TKK,Chuuk International Airport,Weno Island,FM
TKN,Tokunoshima Airport,Amagi,JP
TKS,Tokushima Awaodori Airport / JMSDF Tokushima Air Base,Tokushima,JP
TKW,Tekin Airport,Tekin,PG
TLG,Tulaghi Heliport,Tulaghi Island,SB
TLI,Sultan Bantilan Airport,Toli Toli-Celebes Island,ID
TLO,Tol Airport,Tol,PG
TLP,Tumolbil Airport,Tumolbil,PG
TLQ,Turpan Jiaohe Airport,Turpan,CN
TLW,Talasea Airport,Talasea,PG
TMC,Tambolaka Airport,Radamata,ID
TMG,Tomanggong Airport,Tomanggong,MY
TMH,Tanah Merah Airport,Tanah Merah,ID
TMN,Tamana Island Airport,Tamana Island,KI
TMW,Tamworth Airport,Tamworth,AU
TNA,Jinan Yaoqiang International Airport,Jinan (Licheng),CN
TNE,New Tanegashima Airport,Tanegashima,JP
TNH,Tonghua Sanyuanpu Airport,Tonghua,CN
TNJ,Raja Haji Fisabilillah International Airport,Tanjung Pinang-Bintan Island,ID
TNQ,Washington Island Airstrip,Teraina,KI
TNV,Tabuaeran Island Airport,Tabuaeran Island,KI
TOD,Tioman Airport,Tioman Island,MY
TOH,Torres Airstrip,Loh/Linua,VU
TOK,Torokina Airport,Torokina,PG
TON,Tonu Airport,Tonu,PG
TOY,Toyama Kitokito Airport,Toyama,JP
TPI,Tapini Airport,Tapini,PG
TRA,Tarama Airport,Tarama,JP
TRE,Tiree Airport,"Balemartine, Argyll and Bute",GB
TRG,Tauranga Airport,Tauranga,NZ
TRJ,Tarakbits Airport,Tarakbits,PG
TRK,Juwata International Airport / Suharnoko Harbani AFB,Tarakan,ID
TRO,Taree Airport,Taree,AU
TRT,Toraja Airport,Toraja,ID
TRV,Thiruvananthapuram International Airport,Thiruvananthapuram,IN
TRW,Bonriki International Airport,South Tarawa,KI
TRZ,Tiruchirappalli International Airport,Tiruchirappalli,IN
TSI,Tsile Tsile Airport,Tsile Tsile,PG
TSJ,Tsushima Airport,Tsushima,JP
TSN,Tianjin Binhai International Airport,Tianjin,CN
TST,Trang Airport,Trang,TH
TSU,Tabiteuea South Airport,Tabiteuea South,KI
TSV,Townsville Airport / RAAF Base Townsville,Townsville,AU
TSW,Tsewi Airport,Tsewi,PG
TTE,Sultan Babullah Airport,Ternate,ID
TTJ,Tottori Sand Dunes Conan Airport,Tottori,JP
TTL,Turtle Island Seaplane Base,Nanuya Levu Island,FJ
TUG,Tuguegarao Airport,Tuguegarao City,PH
TUM,Tumut Aerodrome,Tumut,AU
TUO,Taupo Airport,Taupo,NZ
TVS,Tangshan Sannühe Airport,Tangshan (Fengrun),CN
TVU,Matei Airport,Matei,FJ
TVY,Dawei Airport,Dawei,MM
TWC,Tumxuk Tangwangcheng Airport,Tumxuk,CN
TWT,Sanga Sanga Airport,Bongao,PH
TWU,Tawau Airport,Tawau,MY
TWY,Tawa Airport,Tawa,PG
TWZ,Pukaki Airport,Twitzel,NZ
TXE,Rembele Airport,Takengon,ID
TXN,Huangshan Tunxi International Airport,Huangshan,CN
TYN,Taiyuan Wusu International Airport,Taiyuan,CN
UAE,Mount Aue Airport,Aue,PG
UAI,"Commander in Chief of FALINTIL, Kay Rala Xanana Gusmão, International Airport",Suai,TL
UBB,Mabuiag Island Airport,Mabuiag Island,AU
UBI,Buin Airport,Buin,PG
UBJ,Yamaguchi Ube Airport,Ube,JP
UBP,Ubon Ratchathani Airport,Ubon Ratchathani,TH
UCB,Ulanqab Jining Airport,Ulanqab,CN
UDE,Volkel Air Base,Uden,NL
UDR,Maharana Pratap Airport,Udaipur,IN
UEO,Kumejima Airport,Kumejima,JP
UGU,Bilorai Airport,Bilogai,ID
UIH,Phu Cat Airport,Quy Nohn,VN
UIT,Jaluit Airport,Jabor Jaluit Atoll,MH
UJE,Ujae Atoll Airport,Ujae Atoll,MH
UKB,Kobe Airport,Kobe,JP
UKE,Utkela Airport,Bhawanipatna,IN
UKU,Nuku Airport,Nuku,PG
ULB,Uléi Airport,Ambrym Island,VU
ULE,Sule Airport,Sule,PG
ULI,Ulithi Airport,Falalop Island,FM
UMC,Umba Airport,Umba,PG
UNG,Kiunga Airport,Kiunga,PG
UNN,Ranong Airport,Ranong,TH
UOL,Buol - Pogogul Airport,Buol-Celebes Island,ID
UPG,Sultan Hasanuddin International Airport,Makassar,ID
UPR,Upiara Airport,Upiara,PG
URC,Ürümqi Tianshan International Airport,Ürümqi,CN
URT,Surat Thani Airport,Surat Thani,TH
URU,Uroubi Airport,Uroubi,PG
USM,Samui International Airport,Na Thon (Ko Samui Island),TH
USN,Ulsan Airport,Ulsan,KR
USU,Francisco B. Reyes (Busuanga) Airport,Coron,PH
UTH,Udon Thani International Airport,Udon Thani,TH
UTK,Utirik Airport,Utirik Island,MH
UTP,U-Tapao–Rayong–Pattaya International Airport,Rayong,TH
UUU,Manumu Airport,Manumu,PG
UVO,Uvol Airport,Uvol,PG
UYN,Yulin Yuyang Airport,Yulin,CN
VAI,Vanimo Airport,Vanimo,PG
VAO,Suavanao Airport,Suavanao,SB
VAV,Vava'u International Airport,Vava'u Island,TO
VBV,Vanua Balavu Airport,Vanua Balavu,FJ
VCA,Can Tho International Airport,Can Tho,VN
VCL,Chu Lai Airport,Tam Nghĩa,VN
VCS,Con Dao Airport,Con Dao,VN
VDH,Dong Hoi Airport,Dong Hoi,VN
VDO,Van Don International Airport,Van Don,VN
VEV,Barakoma Airport,Barakoma,SB
VGA,Vijayawada International Airport,Vijayawada,IN
VII,Vinh Airport,Vinh,VN
VIU,Viru Harbour Airstrip,Viru,SB
VIV,Vivigani Airfield,Vivigani,PG
VKG,Rach Gia Airport,Rach Gia,VN
VLI,Bauerfield International Airport,Port Vila,VU
VLS,Valesdir Airport,Epi Island,VU
VLY,Anglesey Airport,Angelsey,GB
VMU,Baimuru Airport,Baimuru,PG
VNS,Lal Bahadur Shastri International Airport,Varanasi,IN
VRC,Virac Airport,Virac,PH
VSV,Shravasti Airport,Shravasti,IN
VTE,Wattay International Airport,Vientiane,LA
VTF,Vatulele Airport,Vatulele,FJ
VTZ,Visakhapatnam International Airport,Visakhapatnam,IN
WAG,Wanganui Airport,Wanganui,NZ
WAJ,Wawoi Falls Airport,Wavoi Falls,PG
WAO,Wabo Airport,Wabo,PG
WBC,Wapolu Airport,Wapolu,PG
WBG,Schleswig Air Base,Jagel,DE
WBM,Wapenamanda Airport,Wapenamanda,PG
WDS,Shiyan Wudangshan Airport,Shiyan (Maojian),CN
WED,Wedau Airport,Wedau,PG
WEF,Weifang Nanyuan Airport,Weifang (Kuiwen),CN
WEH,Weihai Dashuibo Airport,Weihai,CN
WEI,Weipa Airport,Weipa,AU
WEP,Weam Airport,Weam,PG
WGA,Wagga Wagga Airport,Forest Hill,AU
WGN,Shaoyang Wugang Airport,Shaoyang (Wugang),CN
WGP,Umbu Mehang Kunda Airport,Waingapu-Sumba Island,ID
WGT,Wangaratta Airport,Laceby,AU
WHA,Wuhu Xuanzhou Airport,Wuhu,CN
WHK,Whakatāne Airport,Whakatāne,NZ
WHN,Wuhan Hannan Municipal Airport,Wuhan (Hannan),CN
WIC,Wick John O'Groats Airport,Wick,GB
WIE,Wiesbaden Army Airfield,Wiesbaden,DE
WIR,Wairoa Airport,Wairoa,NZ
WIU,Witu Airport,Garove Island,PG
WJA,Woja Airport,Woja,MH
WJU,Wonju Airport / Hoengseong Air Base (K-38/K-46),Wonju,KR
WKA,Wanaka Airport,Wanaka,NZ
WKJ,Wakkanai Airport,Wakkanai,JP
WKN,Wakunai Airport,Wakunai,PG
WLG,Wellington International Airport,Wellington,NZ
WLH,Walaha Airport,Walaha,VU
WLU,Walluanda Airport,Puri,PG
WMT,Zunyi Maotai Airport,Zunyi,CN
WMX,Wamena Airport,Wamena,ID
WNH,Wenshan Puzhehei Airport,Wenshan,CN
WNI,Matahora Airport,Wangi-wangi Island,ID
WNP,Naga Airport,Naga,PH
WNR,Windorah Airport,Windorah,AU
WNU,Wanuma Airport,Wanuma,PG
WNZ,Wenzhou Longwan International Airport,Wenzhou (Longwan),CN
WOA,Wonenara Airport,Wonenara,PG
WOE,Woensdrecht Air Base,Hoogerheide,NL
WOL,Shellharbour Airport,Albion Park Rail,AU
WPM,Wipim Airport,Wipim,PG
WRE,Whangarei Airport,Whangarei,NZ
WRT,Warton Aerodrome,Warton,GB
WRY,Westray Airport,"Westray, Orkney Islands",GB
WSA,Wasua Airport,Wasua,PG
WSK,Chongqing Wushan Airport,Wushan,CN
WSU,Wasu Airport,Wasu,PG
WSZ,Westport Airport,Westport,NZ
WTB,Toowoomba Wellcamp Airport,Toowoomba,AU
WTE,Wotje Airport,Wotje,MH
WTN,RAF Waddington,"Lincoln, Lincolnshire",GB
WTO,Wotho Island Airport,Wotho Island,MH
WTP,Woitape Airport,Fatima Mission,PG
WTT,Wantoat Airport,Wantoat,PG
WUA,Wuhai Airport,Wuhai,CN
WUG,Wau Airport,Wau,PG
WUH,Wuhan Tianhe International Airport,Wuhan (Huangpi),CN
WUM,Wasum Airport,Wasum,PG
WUS,Nanping Wuyishan Airport,Wuyishan,CN
WUT,Xinzhou Wutaishan Airport,Xinzhou,CN
WUV,Wuvulu Island Airport,Wuvulu Island,PG
WUX,Sunan Shuofang International Airport,Wuxi,CN
WUZ,Wuzhou Xijiang Airport,Tangbu,CN
WWK,Wewak International Airport,Wewak,PG
WWY,West Wyalong Airport,West Wyalong,AU
WXN,Wanzhou Wuqiao Airport,Wanzhou,CN
WYA,Whyalla Airport,Whyalla,AU
XAI,Xinyang Minggang Airport,Xinyang,CN
XBN,Biniguni Airport,Biniguni,PG
XEN,Xingcheng Air Base,Huludao (Xingcheng),CN
XFN,Xiangyang Liuji Airport,Xiangyang (Xiangzhou),CN
XFW,Hamburg-Finkenwerder Airport,Hamburg,DE
XIC,Xichang Qingshan Airport,Liangshan (Xichang),CN
XIL,Xilinhot Airport,Xilinhot,CN
XIY,Xi'an Xianyang International Airport,Xianyang (Weicheng),CN
XKH,Xieng Khouang Airport,Xieng Khouang,LA
XMN,Xiamen Gaoqi International Airport,Xiamen,CN
XMY,Yam Island Airport,Yam Island,AU
XNN,Xining Caojiabao International Airport,Haidong (Huzhu Tu Autonomous County),CN
XRH,RAAF Base Richmond,Richmond,AU
XSP,Seletar Airport,Seletar,SG
XTG,Thargomindah Airport,Thargomindah,AU
XUZ,Xuzhou Guanyin International Airport,Xuzhou,CN
XYA,Yandina Airport,Yandina,SB
XYR,Edwaki Airport,Yellow River Mission,PG
YAP,Yap International Airport,Yap Island,FM
YAS,Yasawa Island Airport,Yasawa Island,FJ
YBP,Yibin Wuliangye Airport,Yibin (Cuiping),CN
YCU,Yuncheng Yanhu International Airport,Yuncheng (Yanhu),CN
YEC,Yecheon Airbase,Yecheon-ri,KR
YEO,RNAS Yeovilton,"Yeovil, Somerset",GB
YGJ,Yonago Kitaro Airport / JASDF Miho Air Base,Yonago,JP
YIA,Yogyakarta International Airport,Yogyakarta,ID
YIC,Yichun Mingyueshan Airport,Yichun,CN
YIE,Arxan Yi'ershi Airport,Arxan,CN
YIH,Yichang Sanxia Airport,Yichang (Xiaoting),CN
YIN,Yining Airport,Ili (Yining / Ghulja),CN
YIW,Yiwu Airport,Yiwu/Jinhua,CN
YKH,Yingkou Lanqi Airport,Yingkou (Laobian),CN
YLX,Yulin Fumian Airport,Yulin,CN
YNJ,Yanji Chaoyangchuan Airport,Yanji,CN
YNT,Yantai Penglai International Airport,Yantai,CN
YNY,Yangyang International Airport,Gonghang-ro,KR
YNZ,Yancheng Nanyang International Airport,Yancheng (Tinghu),CN
YSQ,Songyuan Chaganhu Airport,Qian Gorlos Mongol Autonomous County,CN
YTW,Yutian Wanfang Airport,Hotan (Yutian),CN
YTY,Yangzhou Taizhou Airport,Yangzhou,CN
YUA,Yuanmou Air Base,Chuxiong (Yuanmou),CN
YUS,Yushu Batang Airport,Yushu (Batang),CN
YVD,Yeva Airport,Yeva,PG
YYA,Yueyang Sanhe Airport,Yueyang (Yueyanglou),CN
YZY,Zhangye Ganzhou Airport,Zhangye (Ganzhou),CN
ZAM,Zamboanga International Airport,Zamboanga,PH
ZAT,Zhaotong Zhaoyang Airport （Not fully opened),Zhaotong,CN
ZEN,Zenag Airport,Zenag,PG
ZER,Ziro Airport,Ziro,IN
ZFL,Zhaosu Tianma Airport,Zhaosu,CN
ZGU,Gaua Island Airport,Gaua Island,VU
ZHA,Zhanjiang Wuchuan International Airport,Zhanjiang,CN
ZHY,Zhongwei Shapotou Airport,Zhongwei (Shapotou),CN
ZNE,Newman Airport,Newman,AU
ZQN,Queenstown Airport,Queenstown,NZ
ZQZ,Zhangjiakou Ningyuan Airport,Zhangjiakou,CN
ZRI,Stevanus Rumbewas Airport,Serui,ID
ZUH,Zhuhai Jinwan Airport,Zhuhai (Jinwan),CN
ZYI,Zunyi Xinzhou Airport,Zunyi,CN
